"Network","Domain","Path","Name","Value","Last Checked","Information Page","Notes"
"[X+1]",".edge.ru4.com","/","ru4.optout","true","0000-00-00 00:00:00",,
"24/7 Real Media",".247realmedia.com","/","RMOPTOUT",3,"0000-00-00 00:00:00",,
"24/7 Real Media",".realmedia.com","/","RMOPTOUT",3,"0000-00-00 00:00:00",,
"33 Across",".33across.com","/","33x_nc","opt-out","0000-00-00 00:00:00",,
"acerno / Akamai",".imiclk.com","/","IMI","OPT_OUT","2010-07-30 16:15:00","http://www.acerno.com/optout.html",
"acerno / Akamai",".imiclk.com","/","OL8U",0,"0000-00-00 00:00:00",,"Appears to no longer be used? (2010-07-30)"
"Acxiom Relevence-x",".mm7.net","/","EMX","VER=6.0&out=1","0000-00-00 00:00:00",,
"AdAdvisor (Targus)",".adadvisor.net","/","id","opt-out","0000-00-00 00:00:00",,
"Adbrite",".adbrite.com","/","untarget",1,"0000-00-00 00:00:00",,
"Adconion",".amgdgt.com","/","OO","OptOut","0000-00-00 00:00:00",,
"Adify",".afy11.net","/","a","AAAAAAAAAAAAAAAAAAAAAA","0000-00-00 00:00:00",,
"Adinterax (Yahoo)",".adinterax.com","/","adxoptout",1,"0000-00-00 00:00:00",,
"Adjuggler","rotator.adjuggler.com","/","aj_optout","optout","0000-00-00 00:00:00",,
"Adshuffle",".adshuffle.com","/","OptedOut",1,"0000-00-00 00:00:00",,
"Adtech",".ad.us-ec.adtechus.com","/","OptOut","we will not set any more cookies","0000-00-00 00:00:00",,
"Adtech",".adserverec.adtechus.com","/","OptOut","we will not set any more cookies","0000-00-00 00:00:00",,
"Adtech",".adserverwc.adtechus.com","/","OptOut","we will not set any more cookies","0000-00-00 00:00:00",,
"Adtech",".adtech.de","/","OptOut","we will not set any more cookies","0000-00-00 00:00:00",,
"Adtech",".glb.adtechus.com","/","OptOut","we will not set any more cookies","0000-00-00 00:00:00",,
"Advertising.com / AOL",".advertising.com","/","ACID","optout!","0000-00-00 00:00:00",,
"Aggregate Knowledge",".aggregateknowledge.com","/","uuid","OPTOUT","0000-00-00 00:00:00",,
"Akamai / abmr.net (AOOC = Akamai Opt Out Cookie)",".abmr.net","/","AOOC",1,"0000-00-00 00:00:00",,
"AlmondNET",".pro-market.net","/","optout","0+0+0","0000-00-00 00:00:00",,
"Atlas / Microsoft",".atdmt.com","/","ID","optout","0000-00-00 00:00:00",,
"Audience Science",".revsci.net","/","NETOPTOUT","true","0000-00-00 00:00:00",,
"Audience Science",".revsci.net","/","NETID01","optout","0000-00-00 00:00:00",,
"Bizo",".bizographics.com","/","BizographicsOptOut","OPT_OUT","0000-00-00 00:00:00",,
"Blue Kai",".bluekai.com","/","BKIgnore",1,"0000-00-00 00:00:00",,
"Blue Lithium / Yahoo",".adrevolver.com","/","NAI","OPT_OUT","0000-00-00 00:00:00",,
"Bluestreak",".bluestreak.com","/","id","OPT_OUT","0000-00-00 00:00:00",,
"Brightroll",".btrll.com","/","id","OPT_OUT","0000-00-00 00:00:00",,
"BTBuckets",".btbuckets.com","/","optout",1,"0000-00-00 00:00:00",,
"Burst Media","www.burstnet.com","/","BOO","opt-out","0000-00-00 00:00:00",,
"Casale",".casalemedia.com","/","CMO",1,"0000-00-00 00:00:00",,
"Chitika",".chitika.net","/","AO","o%3D1","0000-00-00 00:00:00",,
"Choicestream","api.choicestream.com","/","OptOut","yes","0000-00-00 00:00:00",,
"Clicktale",".clicktale.net","/","WRBlock","y","0000-00-00 00:00:00",,
"Collective Media",".collective-media.net","/","optout",1,"0000-00-00 00:00:00",,
"comScore VoiceFive",".voicefive.com","/","OptOut",1,"0000-00-00 00:00:00",,
"Coremetrics","data.cmcore.com","/","ID","OPT_OUT","0000-00-00 00:00:00",,
"Coremetrics","data.coremetrics.com","/","ID","OPT_OUT","0000-00-00 00:00:00",,
"Cossette / adcentriconline.com",".adcentriconline.com","/","AdcentricOptout","true","0000-00-00 00:00:00",,
"Criteo",".criteo.com","/","optout",1,"0000-00-00 00:00:00",,
"DataXu",".w55c.net","/","optout",1,"2010-07-30 16:15:00","http://www.dataxu.com/privacy-policy.php",
"Dotomi",".dotomi.com","/","DotomiStatus",5,"0000-00-00 00:00:00",,
"E-planning",".ads.e-planning.net","/","E-Planning.NET","OPTOUT","0000-00-00 00:00:00",,
"E-planning",".ads.us.e-planning.net","/","US.E-Planning.NET","OPTOUT","0000-00-00 00:00:00",,
"Effective Measure",".effectivemeasure.com","/","_em_opt_out",1,"0000-00-00 00:00:00",,
"Effective Measure",".effectivemeasure.net","/","_em_opt_out",1,"0000-00-00 00:00:00",,
"Eloqua",".eloqua.com","/","ELOQUA","GUID=00000000000000000000000000000000","0000-00-00 00:00:00",,
"Exelator",".load.exelator.com","/load/","DNP","eXelate+OptOut","0000-00-00 00:00:00",,
"Exelator",".loadan.exelator.com","/load/","DNP","eXelate+OptOut","0000-00-00 00:00:00",,
"Exelator",".loadan.exelator.net","/load/","DNP","eXelate+OptOut","0000-00-00 00:00:00",,
"Exelator",".loadxl.exelator.biz","/load/","DNP","eXelate+OptOut","0000-00-00 00:00:00",,
"Exelator",".loadxl.exelator.com","/load/","DNP","eXelate+OptOut","0000-00-00 00:00:00",,
"Exelator",".loadxl.exelator.com","/load/","DNP","eXelate+OptOut","0000-00-00 00:00:00",,
"Exelator",".loadxl.exelator.net","/load/","DNP","eXelate+OptOut","0000-00-00 00:00:00",,
"Eyeblaster /  serving-sys.com",".serving-sys.com","/","ebOptOut","TRUE","0000-00-00 00:00:00",,
"EyeWonder",".eyewonder.com","/","ew-optout",1,"0000-00-00 00:00:00",,
"Facilitate Digital",".adsfac.eu","/","OO","OO=1","0000-00-00 00:00:00",,
"Facilitate Digital",".adsfac.net","/","OO","OO=1","0000-00-00 00:00:00",,
"Facilitate Digital",".adsfac.sg","/","OO","OO=1","0000-00-00 00:00:00",,
"Facilitate Digital",".adsfac.us","/","OO","OO=1","0000-00-00 00:00:00",,
"fastclick (mediaplex/valueclick)",".fastclick.net","/","fastclick","optout","0000-00-00 00:00:00",,
"Fetchback",".fetchback.com","/","opt",1,"0000-00-00 00:00:00",,
"Flashtalking","www.flashtalking.com","/","optout","true","0000-00-00 00:00:00",,
"Fox Audience Network",".fimserve.com","/","NAI",1,"0000-00-00 00:00:00",,
"Fox Audience Network",".opt.fimserve.com","/","LO",,"0000-00-00 00:00:00",,
"Fox Audience Network",".opt.fimserve.com","/","UI","|","0000-00-00 00:00:00",,
"Freewheel",".fwmrm.net","/","opt_out","true","0000-00-00 00:00:00",,
"Google/Doubleclick",".doubleclick.net","/","id","OPT_OUT","0000-00-00 00:00:00",,
"Hurra",".hurra.com","/","__coo",1,"0000-00-00 00:00:00",,
"InterCLICK",".a1.interclick.com","/","Opt","out","0000-00-00 00:00:00",,
"Lotame  / crwdcntrl.net",".crwdcntrl.net","/","cc","optout","0000-00-00 00:00:00",,
"Media 6 Degrees",".media6degrees.com","/","orboptout","2-1","0000-00-00 00:00:00",,
"Media Math",".action.mathtag.com","/","optout",1,"0000-00-00 00:00:00",,
"Media Plex (Valueclick)",".mediaplex.com","/","svid","OPT-OUT","0000-00-00 00:00:00",,
"MediaMath",".mathtag.com","/","optout",1,"0000-00-00 00:00:00",,
"Microsoft / Live.com",".live.com","/","TOptOut",1,"0000-00-00 00:00:00",,
"Microsoft Advertising",".bing.com","/","TOptOut",1,"0000-00-00 00:00:00",,
"Microsoft Advertising",".msn.com","/","TOptOut",1,"0000-00-00 00:00:00",,
"Mindset Media / mmismm.com",".mmismm.com","/","G",-1,"0000-00-00 00:00:00",,
"Navegg",".navegg.com","/","ltcid","deleted","0000-00-00 00:00:00",,
"NetMining",".netmng.com","/","EVO5_OPT","%BC%9F%A5%AF%05%98","0000-00-00 00:00:00",,
"NextAction",".nexac.com","/","na_tc","Y","0000-00-00 00:00:00",,
"NextAction",".nexac.com","/","na_id","ignore","0000-00-00 00:00:00",,
"NexTag",".nextag.com","/","ntad","opt-out","0000-00-00 00:00:00",,
"Nielsen / imrworldwide.com",".imrworldwide.com","/","OPT_OUT","TOTAL","0000-00-00 00:00:00",,
"Nugg.ad",".nuggad.net","/","nuggstopp","true","0000-00-00 00:00:00",,
"Omniture / 2o7.net",".2o7.net","/","omniture_optout",1,"0000-00-00 00:00:00",,
"OpenX",".openx.net","/","i","OPT+OUT","0000-00-00 00:00:00",,
"Opinmind",".yieldoptimizer.com","/","om_optout",1,"0000-00-00 00:00:00",,
"Opinmind","optout.yieldoptimizer.com","/","opinmind_persist","488444680.36895.0000","0000-00-00 00:00:00",,
"Outbrain",".outbrain.com","/","optout",,"0000-00-00 00:00:00",,
"Permuto",".pulsemgr.com","/","p","OPTOUT","0000-00-00 00:00:00",,
"Pointroll",".ads.pointroll.com","/","PRID","CONTENT","0000-00-00 00:00:00",,
"PrecisionClick",".precisionclick.com","/","optout",1,"0000-00-00 00:00:00",,
"PrecisionClick",".precisionclick.com","/","optoutad",1,"0000-00-00 00:00:00",,
"Pulse 360",".kanoodle.com","/","kanoodle-opt-out",1,"0000-00-00 00:00:00",,
"Quantcast",".quantserve.com","/","qoo","OPT_OUT","0000-00-00 00:00:00",,
"Quigo",".adsonar.com","/","oo_flag","t","0000-00-00 00:00:00",,
"RapLeaf",".rlcdn.com","/","optout","Opted Out of RapLeaf Cookies, to re-enable simply delete this cookie.","2010-08-24 16:45:00","New cookie on 2010-08-24, thanks to Rob at Abine",
"richrelevance","recs.richrelevance.com","/","prooc","true","0000-00-00 00:00:00",,
"Rocket Fuel",".rfihub.com","/","a","cOPT_OUT","2011-06-17 00:38:00","http://www.rocketfuelinc.com/privacy.html","This one may be phased out for the j cookie. (2010-07-30)"
"Rocket Fuel",".rfihub.com","/","j","cOPT_OUT","2011-06-17 00:38:00","http://www.rocketfuelinc.com/privacy.html","Updated from http://www.aboutads.info/choices/ (2011-06-17)"
"Safecount",".questionmarket.com","/","ST","OPTOUT_","0000-00-00 00:00:00",,
"ScanScout",".scanscout.com","/","ENFORCE_PRIVACY",,"0000-00-00 00:00:00",,
"Smart Adserver",".smartadserver.com","/","pid","Optout","0000-00-00 00:00:00",,
"Snoobi",".snoobi.com","/","Snoobi_optout",1,"0000-00-00 00:00:00",,
"Specific Media",".adviva.net","/","ADVIVA","NOTRACK","0000-00-00 00:00:00",,
"Specific Media",".specificclick.net","/","ADVIVA","NOTRACK","0000-00-00 00:00:00",,
"Specific Media",".specificmedia.com","/","ADVIVA","NOTRACK","0000-00-00 00:00:00",,
"Tacoda",".tacoda.net","/","TID","tacodaamoptout","0000-00-00 00:00:00",,
"Tatto Media","www.tattomedia.com","/assets/tattomedia/optout/","na_optout",1,"0000-00-00 00:00:00",,
"Tealium","www.tealium.com","/","SM_OPTOUT",1,"0000-00-00 00:00:00",,
"TradeDoubler",".tradedoubler.com","/","TD_OPT_OUT","dummy","0000-00-00 00:00:00",,
"Traffic Marketplace",".trafficmp.com","/","naiopt","out","0000-00-00 00:00:00",,
"Tribal Fusion",".tribalfusion.com","/","ANON_ID","OptOut","0000-00-00 00:00:00",,
"TruEffect",".adlegend.com","/","ID","OPT_OUT","0000-00-00 00:00:00",,
"Tumri",".tumri.net","/","t_opt","OPT-OUT","0000-00-00 00:00:00",,
"Tumri",".yt1187.net","/","t_opt","OPT-OUT","0000-00-00 00:00:00",,
"Turn",".turn.com","/","optOut",1,"0000-00-00 00:00:00",,
"Undertone Networks",".ads.undertone.com","/","UTOPTOUT","OPTOUT","0000-00-00 00:00:00",,
"Vibrant Media",".intellitxt.com","/","ITXTCtxtHistOff",1,"0000-00-00 00:00:00",,
"Vizu",".vizu.com","/","opt-out","true","0000-00-00 00:00:00",,
"Web Trends",".webtrendslive.com","/","WTLOPTOUT","yes","0000-00-00 00:00:00",,
"weborama",".weborama.fr","/","AFFICHE_W","____________","0000-00-00 00:00:00",,
"XGraph",".xgraph.net","/","XG_OPT_OUT","OPTOUT","2010-07-30 16:15:00","http://www.xgraph.net/optout.php",
"Yahoo",".yahoo.com","/","AO","o=1","0000-00-00 00:00:00",,
"Yahoo / Right Media",".ad.yieldmanager.com","/","optout",1,"0000-00-00 00:00:00",,
"YuMe Inc.",".yumenetworks.com","/","ymoo","true","0000-00-00 00:00:00",,
"Zedo (Undertone Networks)",".zedo.com","/","ZEDOIDA","OPT_OUT","0000-00-00 00:00:00",,
,".adchemy.com","/","adc_optout","opted_out","2010-11-16 00:00:00","Thanks to Jim Brock at PrivacyChoice",
,".addthis.com","/","uid","0000000000000000","2011-06-17 00:41:00","Updated from http://www.aboutads.info/choices/",
,".adgear.com","/","AdGear_OPTOUT","agOptedOut","2010-11-16 00:00:02","Thanks to Jim Brock at PrivacyChoice",
,".adnxs.com","/","uuid2",-1,"2010-11-16 00:00:03","Thanks to Jim Brock at PrivacyChoice",
,".adroll.com","/","__adroll_opt_out","OPT_OUT_foobar","2010-11-16 00:00:04","Thanks to Jim Brock at PrivacyChoice",
,".adsummos.net","/","adsud0","OPT-OUT","2010-11-16 00:00:05","Thanks to Jim Brock at PrivacyChoice",
,".amazon.com","/","apn-privacy",1,"2010-11-16 00:00:06","Thanks to Jim Brock at PrivacyChoice",
,".aol.co.uk","/","WlOptOut","Yes","2010-11-16 00:00:07","Thanks to Jim Brock at PrivacyChoice",
,".ask.com","/","askeraser","on","2010-11-16 00:00:08","Thanks to Jim Brock at PrivacyChoice",
,".atdmt.com","/","ID","optout","2010-11-16 00:00:09","Thanks to Jim Brock at PrivacyChoice",
,".beencounter.com","/","cookie3","no-track","2010-11-16 00:00:10","Thanks to Jim Brock at PrivacyChoice",
,".brand.net","/","OPT","out","2010-11-16 00:00:11","Thanks to Jim Brock at PrivacyChoice",
,".buzzlogic.com","/","BL_Opted_Out",1,"2010-11-16 00:00:12","Thanks to Jim Brock at PrivacyChoice",
,".chango.com","/","chango.optout",1,"2010-11-16 00:00:13","Thanks to Jim Brock at PrivacyChoice",
,".chitika.net","/","AO","o%3D1","2010-11-16 00:00:14","Thanks to Jim Brock at PrivacyChoice",
,".constantcontact.com","/","opt-out","opt-out","2010-11-16 00:00:15","Thanks to Jim Brock at PrivacyChoice",
,".contextweb.com","/","CWOptOutCookie",1,"2010-11-16 00:00:16","Thanks to Jim Brock at PrivacyChoice",
,".convertro.com","/","cvo_sid1",100000000000,"2010-11-16 00:00:17","Thanks to Jim Brock at PrivacyChoice",
,".ctasnet.com","/","o",9,"2010-11-16 00:00:18","Thanks to Jim Brock at PrivacyChoice",
,".demdex.net","/","demdex","NOTARGET","2010-11-16 00:00:19","Thanks to Jim Brock at PrivacyChoice",
,".displaymarketplace.com","/","NoTrack",6.34086120591247E+017,"2010-11-16 00:00:20","Thanks to Jim Brock at PrivacyChoice",
,".dotomi.com","/","DotomiRR2000","-1$1$1$","2010-11-16 00:00:21","Thanks to Jim Brock at PrivacyChoice",
,".esm1.net","/","optout","yes","2010-11-16 00:00:22","Thanks to Jim Brock at PrivacyChoice",
,".everesttech.net","/","ev_optout",1,"2010-11-16 00:00:23","Thanks to Jim Brock at PrivacyChoice",
,".exelator.com","/","DNP","eXelate+OptOut","2010-11-16 00:00:24","Thanks to Jim Brock at PrivacyChoice",
,".eyereturn.com","/","EROO","O","2010-11-16 00:00:25","Thanks to Jim Brock at PrivacyChoice",
,".gbid.adbuyer.com","/","tuuid","opt-out","2010-11-16 00:00:26","Thanks to Jim Brock at PrivacyChoice",
,".gigya.com","/","GigNoCK",1,"2010-11-16 00:00:27","Thanks to Jim Brock at PrivacyChoice",
,".gwallet.com","/","ra1_oo",1,"2010-11-16 00:00:28","Thanks to Jim Brock at PrivacyChoice",
,".hitbox.com","/","WSS_GW","V1z%BX^e@Ceer","2010-11-16 00:00:29","Thanks to Jim Brock at PrivacyChoice",
,".impressiondesk.com","/","optout","*","2010-11-16 00:00:30","Thanks to Jim Brock at PrivacyChoice",
,".keewurd.com","/","OptOut",1,"2010-11-16 00:00:31","Thanks to Jim Brock at PrivacyChoice",
,".legolas-media.com","/","optout",1,"2010-11-16 00:00:32","Thanks to Jim Brock at PrivacyChoice",
,".lijit.com","/","tracking_optout",1,"2010-11-16 00:00:33","Thanks to Jim Brock at PrivacyChoice",
,".meebo.com","/","tcookie","OPT_OUT","2010-11-16 00:00:34","Thanks to Jim Brock at PrivacyChoice",
,".monster.com","/","CANOptOut",1,"2010-11-16 00:00:35","Thanks to Jim Brock at PrivacyChoice",
,".mookie1.com","/","optouts","cookies","2010-11-16 00:00:36","Thanks to Jim Brock at PrivacyChoice",
,".mxptint.net","/","mxpim","optout","2010-11-16 00:00:37","Thanks to Jim Brock at PrivacyChoice",
,".mybuys.com","/","mbc","optout","2010-11-16 00:00:38","Thanks to Jim Brock at PrivacyChoice",
,".mythings.com","/","optout",1,"2010-11-16 00:00:39","Thanks to Jim Brock at PrivacyChoice",
,".newtention.net","/","id","optout","2010-11-16 00:00:40","Thanks to Jim Brock at PrivacyChoice",
,".owneriq.net","/","optout","optout","2010-11-16 00:00:41","Thanks to Jim Brock at PrivacyChoice",
,".predictad.com","/","predictad_dc",1,"2010-11-16 00:00:42","Thanks to Jim Brock at PrivacyChoice",
,".proximic.com","/","optout",1,"2010-11-16 00:00:43","Thanks to Jim Brock at PrivacyChoice",
,".pulsemgr.com","/","x","OPTOUT","2010-11-16 00:00:44","Thanks to Jim Brock at PrivacyChoice",
,".qnsr.com","/","QIDA","OPT_OUT","2010-11-16 00:00:45","Thanks to Jim Brock at PrivacyChoice",
,".raasnet.com","/","o",9,"2010-11-16 00:00:46","Thanks to Jim Brock at PrivacyChoice",
,".raasnet.com","/","ctrn",0,"2010-11-16 00:00:47","Thanks to Jim Brock at PrivacyChoice",
,".rfihub.com","/","k","bOPT-OUT","2010-11-16 00:00:48","Thanks to Jim Brock at PrivacyChoice",
,".rubiconproject.com","/","fu","on","2010-11-16 00:00:49","Thanks to Jim Brock at PrivacyChoice",
,".saymedia.com","/","UsesLocalStoredObject","NotDetermined","2010-11-16 00:00:50","Thanks to Jim Brock at PrivacyChoice",
,".scorecardresearch.com","/","NO_COOKIE",1,"2010-11-16 00:00:51","Thanks to Jim Brock at PrivacyChoice",
,".server.cpmstar.com","/","x",1,"2010-11-16 00:00:52","Thanks to Jim Brock at PrivacyChoice",
,".sharethis.com","/","st_optout",1,"2010-11-16 00:00:53","Thanks to Jim Brock at PrivacyChoice",
,".simpli.fi","/","opted_out",1,"2010-11-16 00:00:54","Thanks to Jim Brock at PrivacyChoice",
,".spongecell.com","/","auid",0,"2010-11-16 00:00:55","Thanks to Jim Brock at PrivacyChoice",
,".spongecell.com","/","_spongecell_loves_u",,"2010-11-16 00:00:56","Thanks to Jim Brock at PrivacyChoice",
,".struq.com","/","pref","optout","2010-11-16 00:00:57","Thanks to Jim Brock at PrivacyChoice",
,".svc.pch.com","/","Optout","OPT_OUT","2010-11-16 00:00:58","Thanks to Jim Brock at PrivacyChoice",
,".tag.admeld.com","/","admeld_opt_out",1,"2010-11-16 00:00:59","Thanks to Jim Brock at PrivacyChoice",
,".tellapart.com","/","btexclude",1,"2010-11-16 00:00:60","Thanks to Jim Brock at PrivacyChoice",
,".teracent.net","/","uid","opt_out.###","2010-11-16 00:00:61","Thanks to Jim Brock at PrivacyChoice",
,".tidaltv.com","/","opt-out",1,"2010-11-16 00:00:62","Thanks to Jim Brock at PrivacyChoice",
,".tradedoubler.com","/","OPTOUT","z11zzujzlRSz2","2010-11-16 00:00:63","Thanks to Jim Brock at PrivacyChoice",
,".traveladvertising.com","/","PRIVACY",1,"2010-11-16 00:00:64","Thanks to Jim Brock at PrivacyChoice",
,".triggit.com","/","trgoptout",1,"2010-11-16 00:00:65","Thanks to Jim Brock at PrivacyChoice",
,".valueclick.net","/","ksa","optout","2010-11-16 00:00:66","Thanks to Jim Brock at PrivacyChoice",
,".veruta.com","/","optout",1,"2010-11-16 00:00:67","Thanks to Jim Brock at PrivacyChoice",
,".vindicosuite.com","/","VINDICOAUDIENCEISSUEDIDENTITY","VINDICOAUDIENCEOPTOUT","2010-11-16 00:00:68","Thanks to Jim Brock at PrivacyChoice",
,".visiblemeasures.com","/","UsesLocalStoredObject","NotDetermined","2010-11-16 00:00:69","Thanks to Jim Brock at PrivacyChoice",
,".wtp101.com","/","tuuid","opt-out","2010-11-16 00:00:70","Thanks to Jim Brock at PrivacyChoice",
,"ad.wsod.com","/","u_1","OPT_OUT","2010-11-16 00:00:71","Thanks to Jim Brock at PrivacyChoice",
,"ad.yieldmanager.com","/","optout",1,"2010-11-16 00:00:72","Thanks to Jim Brock at PrivacyChoice",
,"ad.yieldmanager.com","/","optout",1,"2010-11-16 00:00:73","Thanks to Jim Brock at PrivacyChoice",
,"ad.yieldmanager.com","/","optout",1,"2010-11-16 00:00:74","Thanks to Jim Brock at PrivacyChoice",
,"adadvisor.net","/","id","opt-out","2010-11-16 00:00:75","Thanks to Jim Brock at PrivacyChoice",
,"admonkey.dapper.net","/","DAPPEROPTOUT","OPT-OUT","2010-11-16 00:00:76","Thanks to Jim Brock at PrivacyChoice",
,"ads.bridgetrack.com","/","BTA","GUID=00000000000000000000000000000000","2010-11-16 00:00:77","Thanks to Jim Brock at PrivacyChoice",
,"ads.e-planning.net","/","E-Planning.NET","OPTOUT","2010-11-16 00:00:78","Thanks to Jim Brock at PrivacyChoice",
,"ads.heias.de","/","hco","a%3A2%3A%7Bi%3A0%3Bs%3A4%3A%22TRUE%22%3Bi%3A1%3Bi%3A1397354654%3B%7D","2010-11-16 00:00:79","Thanks to Jim Brock at PrivacyChoice",
,"ads.pointroll.com","/","PRID","OPTOUT","2010-11-16 00:00:80","Thanks to Jim Brock at PrivacyChoice",
,"ads.undertone.com","/","UTOPTOUT","OPTOUT","2010-11-16 00:00:81","Thanks to Jim Brock at PrivacyChoice",
,"ads.us.e-planning.net","/","US.E-Planning.NET","OPTOUT","2010-11-16 00:00:82","Thanks to Jim Brock at PrivacyChoice",
,"adsfac.eu","/","OO","OO=1","2010-11-16 00:00:83","Thanks to Jim Brock at PrivacyChoice",
,"adsfac.net","/","OO","OO=1","2010-11-16 00:00:84","Thanks to Jim Brock at PrivacyChoice",
,"adsfac.sg","/","OO","OO=1","2010-11-16 00:00:85","Thanks to Jim Brock at PrivacyChoice",
,"adsfac.us","/","OO","OO=1","2010-11-16 00:00:86","Thanks to Jim Brock at PrivacyChoice",
,"adsonar.com","/","oo_flag","f","2010-11-16 00:00:87","Thanks to Jim Brock at PrivacyChoice",
,"adv.adsbwm.com","/","OxaMedia_OPT_OUT",,"2010-11-16 00:00:88","Thanks to Jim Brock at PrivacyChoice",
,"amadesa.com","/","amOptout",1,"2010-11-16 00:00:89","Thanks to Jim Brock at PrivacyChoice",
,"amgdgt.com","/","OptOut","AAAAAQAUMcmt2dLy01_5OEIR8ei6TnoK9XEAAEwUvPxVWUKxtPOEtjKZGR8-","2010-11-16 00:00:90","Thanks to Jim Brock at PrivacyChoice",
,"apps.pubmatic.com","/","pmoo",1,"2010-11-16 00:00:91","Thanks to Jim Brock at PrivacyChoice",
,"assets.invitemedia.com","/","optout",1,"2010-11-16 00:00:92","Thanks to Jim Brock at PrivacyChoice",
,"assets.invitemedia.com","/","uid",0,"2010-11-16 00:00:93","Thanks to Jim Brock at PrivacyChoice",
,".invitemedia.com","/","optout","*","2011-06-17 00:43:00","From http://www.aboutads.info/choices/",
,"bluestreak.com","/","id","OPT_OUT","2010-11-16 00:00:94","Thanks to Jim Brock at PrivacyChoice",
,"bnmla.com","/","optout",1,"2010-11-16 00:00:95","Thanks to Jim Brock at PrivacyChoice",
,"connect.wunderloop.net","/","WlOptOut","DONT","2010-11-16 00:00:96","Thanks to Jim Brock at PrivacyChoice",
,"crwdcntrl.net","/","cc","optout","2010-11-16 00:00:97","Thanks to Jim Brock at PrivacyChoice",
,"designbloxlive.com","/","Adroit_id","opt_out","2010-11-16 00:00:98","Thanks to Jim Brock at PrivacyChoice",
,"designbloxlive.com","/","Adroit_vars","opt_out","2010-11-16 00:00:99","Thanks to Jim Brock at PrivacyChoice",
,"domdex.com","/","optout",1,"2010-11-16 00:00:100","Thanks to Jim Brock at PrivacyChoice",
,"doubleclick.net","/","id","OPT_OUT","2010-11-16 00:00:101","Thanks to Jim Brock at PrivacyChoice",
,"fwmrm.net","/","opt_out",1,"2010-11-16 00:00:102","Thanks to Jim Brock at PrivacyChoice",
,"g.adspeed.net","/","ASOptOut",1,"2010-11-16 00:00:103","Thanks to Jim Brock at PrivacyChoice",
,"interclick.com","/","Opt","out","2010-11-16 00:00:104","Thanks to Jim Brock at PrivacyChoice",
,"load.exelator.com","/","DNP","eXelate+OptOut","2010-11-16 00:00:105","Thanks to Jim Brock at PrivacyChoice",
,"log.doubleverify.com","/","dv_opt_out",0,"2010-11-16 00:00:106","Thanks to Jim Brock at PrivacyChoice",
,"lulu.ru4.com","/","ru4.optout",1,"2010-11-16 00:00:107","Thanks to Jim Brock at PrivacyChoice",
,"nextag.com","/","ntad","opt-out","2010-11-16 00:00:108","Thanks to Jim Brock at PrivacyChoice",
,"nspmotion.com","/","admcol","ip=1200750637&dbs=0&fs=0&uid=1","2010-11-16 00:00:109","Thanks to Jim Brock at PrivacyChoice",
,"opt.w55c.net","/","optout",1,"2010-11-16 00:00:110","Thanks to Jim Brock at PrivacyChoice",
,"optout.ib-ibi.com","/","ib-ibi.com-OptOut","IsOptOut=true","2010-11-16 00:00:111","Thanks to Jim Brock at PrivacyChoice",
,"p.brilig.com","/","BriligContact","OPT_OUT","2010-11-16 00:00:112","Thanks to Jim Brock at PrivacyChoice",
,"qjex.net","/","optout",1,"2010-11-16 00:00:113","Thanks to Jim Brock at PrivacyChoice",
,"rlcdn.com","/","optout","Opted+Out+of+RapLeaf+Cookies%2C+to+re-enable+simply+delete+this+cookie.","2010-11-16 00:00:114","Thanks to Jim Brock at PrivacyChoice",
,"search.netseer.com","/","netseer_optout","optout","2010-11-16 00:00:115","Thanks to Jim Brock at PrivacyChoice",
,"spongecell.com","/","cookie_opt_out",1,"2010-11-16 00:00:116","Thanks to Jim Brock at PrivacyChoice",
,"spotexchange.com","/","opt_out-0","b3B0X291dAlvcHRfb3V0CWNvb2tpZV9kb21haW4Jd3d3LnNwb3R4Y2hhbmdlLmNvbQljcmVhdGVkX2RhdGUJMTI0MDAwMzQ5Nwltb2RpZmllZF9kYXRlCTEyNDAwMDM0OTcK","2010-11-16 00:00:117","Thanks to Jim Brock at PrivacyChoice",
,"tealium.com","/","SM_OPTOUT",1,"2010-11-16 00:00:118","Thanks to Jim Brock at PrivacyChoice",
,"tracking.intermundomedia.com","/","ID","OPT_OUT","2010-11-16 00:00:119","Thanks to Jim Brock at PrivacyChoice",
,"tracking.quisma.com","/","tracker_optout",1,"2010-11-16 00:00:120","Thanks to Jim Brock at PrivacyChoice",
,"tracking.reedge.com","/","REED_optout","all%3DMQ%3D%3D","2010-11-16 00:00:121","Thanks to Jim Brock at PrivacyChoice",
,"tribalfusion.com","/","ANON_ID","OptOut","2010-11-16 00:00:122","Thanks to Jim Brock at PrivacyChoice",
,"vitamine.networldmedia.net","/","OPTOUT",1,"2010-11-16 00:00:123","Thanks to Jim Brock at PrivacyChoice",
,"www.acxiom.com","/","CP","null*","2010-11-16 00:00:124","Thanks to Jim Brock at PrivacyChoice",
,"www.inadcoads.com","/","_iad_vsid","99999999-9999-9999-9999-999999999999","2010-11-16 00:00:125","Thanks to Jim Brock at PrivacyChoice",
"Adform",".adform.net","/","C",3,"2011-07-23 12:00:00","http://www.youronlinechoices.com/nl/uw-advertentie-voorkeuren","http://track.adform.net/serving/opt/iab/opt-out/?token="
"adGENIE",".adgenie.co.uknet","/","_ngtid","OPTOUT","2011-07-23 12:00:00","http://www.youronlinechoices.com/nl/uw-advertentie-voorkeuren","http://adverts.adgenie.co.uk/optout/optout.php?token="
"blinkx",".blinkx.com","/","up","off","2011-07-23 12:00:00","http://www.youronlinechoices.com/nl/uw-advertentie-voorkeuren","http://www.blinkx.com/thirdparty/iab/opt-out?token="
"Crimtan",".delivery.ctasnet.com","/","RTC8","a_","2011-07-23 12:00:00","http://www.youronlinechoices.com/nl/uw-advertentie-voorkeuren","http://www.ctasnet.com/optout.html?token="
"Flashtalking",".flashtalking.com","/","flashtalkingad1",""optout=1"","2011-07-23 12:00:00","http://www.youronlinechoices.com/nl/uw-advertentie-voorkeuren","http://realmedia.com/common/iab-opt-out.php"
"Google/Doubleclick",".doubleclick.net","/","_drt_","OPT_OUT","2011-07-23 12:00:00","http://www.youronlinechoices.com/nl/uw-advertentie-voorkeuren","http://googleads.g.doubleclick.net/ads/preferences/iaboptout/optout?token="
"Microsoft Advertising",".microsoft.com","/","TOptOut","1","2011-07-23 12:00:00","http://www.youronlinechoices.com/nl/uw-advertentie-voorkeuren","http://g.live.com/AIPRIV/IABEU/optout"
"Sanoma Media Netherlands",".bt.ilsemedia.nl","/","WlOptOut","1","2011-07-23 12:00:00","http://www.youronlinechoices.com/nl/uw-advertentie-voorkeuren","http://rc.bt.Ilsemedia.nl/iab/opt-out.php?token="
"Unanimis",".unanimis.co.uk","/","OPTOUT","True","2011-07-23 12:00:00","http://www.youronlinechoices.com/nl/uw-advertentie-voorkeuren","http://www.unanimis.co.uk/iab_optout/optout.php?redirect=true&token="
"YD",".254a.com","/","ydmk[set]","false","2011-07-23 12:00:00","http://www.youronlinechoices.com/nl/uw-advertentie-voorkeuren","http://d.254a.com/yddb?type=yocout&token="
"Yell",".servedby.yell.com","/","ytrmain","-","2011-07-23 12:00:00","http://www.youronlinechoices.com/nl/uw-advertentie-voorkeuren","http://standard.servedby.yell.com/tr/iab-optout.php?token="
"Adtech",".adtech.com","/","OptOut","we will not set any more cookies","2011-07-23 12:00:00","http://www.youronlinechoices.com/nl/uw-advertentie-voorkeuren",
,".atdmt.com","/","TOptOut","1","2011-07-23 12:00:00","http://www.youronlinechoices.com/nl/uw-advertentie-voorkeuren",
,".atwola.com","/","atdses","O","2011-07-23 12:00:00","http://www.youronlinechoices.com/nl/uw-advertentie-voorkeuren",
